actor_id,actor_name,profile_url,
1,Ranveer Singh,https://imgs.search.brave.com/i4VrtOHlBn-Bh3AtQ5Vg4UuR0hGHgba766dECcqlse0/rs:fit:500:0:1:0/g:ce/aHR0cHM6Ly9zdGF0/aWMudG9paW1nLmNv/bS90aHVtYi8xMDIy/MTkwOTQuanBnP3Bo/b3RvaWQ9MTAyMjE5/MDk0JndpZHRoPTYw/MCZyZXNpemVtb2Rl/PTQ,
2,Akshaye Khanna,NA,
3,Sanjay Dutt,NA,
4,Arjun Rampal,NA,
5,R. Madhavan,NA,
6,Sara Arjun,NA,
7,Rakesh Bedi,NA,
8,Danish Pandor,NA,
9,Saumya Tondon,NA,
10,Yami Gautam,NA,
11,Yash,NA,
12,Srinidhi Shetty,NA,
13,Garuda Ram,NA,
14,Anant Nag,NA,
15,Raveena Tondon,NA,
16,Rao Ramesh,NA,
17,Prakash Raj,NA,
18,Prabhas,NA,
19,Prithviraj Sukumaran,NA,
20,Shruti Haasan,NA,
21,Jagapathi Babu,NA,
22,Easwari Rao,NA,
23,Unni M.,NA,
24,Siddique,NA,
25,Jagdish,NA,
26,Abhimanyu S.K.,NA,
27,Kabir D. Singh,NA,
28,Ishan Shoukath,NA,
29,Yukti Thareja,NA,
30,Teja Sajja,NA,
31,Shriya Saran,NA,
32,Ritika Nayak,NA,
33,Manoj Manchu,NA,
34,Aneet Padda,NA,
35,Ahaan Pandey,NA,
36,Prince,NA,
37,Rajesh Kumar,NA,
38,Geeta Sharma,NA,
39,Varun Badola,NA,
40,Kalyani Priyadarshan,NA,
41,Naslen,NA,
42,Sandy Master,NA,
43,Tovino Thomas,NA,
44,Arjun Kurian,NA,
45,Chanu Salimkumar,NA,
46,Rajkumar Rao,NA,
47,Shraddha Kapoor,NA,
48,Pankaj Tripathi,NA,
49,Abhishek Banerjee,NA,
50,Aparshakti Khurana,NA,
,,,
,,,
,,,
,,,
,,,
,,,
,,,
,,,
,,,
,,,
,,,
,,,
,,,
,,,
,,,
,,,
,,,
,,,
,,,
,,,
,,,
,,,
,,,
,,,
,,,
,,,
,,,
,,,
,,,
,,,
,,,
,,,
,,,
,,,
,,,
,,,
,,,
,,,
,,,
,,,
,,,
,,,
,,,
,,,
,,,
,,,
,,,
,,,
,,,
,,,
,,,
,,,
,,,
,,,
,,,
,,,
,,,
,,,
,,,
,,,
,,,
,,,
,,,
,,,
,,,
,,,
,,,
,,,
,,,
,,,
,,,
,,,
,,,
,,,
,,,
,,,
,,,
,,,
,,,
,,,
,,,
,,,
,,,
,,,
,,,
,,,
,,,
,,,
,,,
,,,
,,,
,,,
,,,
,,,
