director_id,director_name
1,Aditya Dhar
2,Prashanth Neel
3,Prasanth Varma
4,Mohit Suri
5,Dominic Arun
6,Amar Kaushik
7,Aditya Sarpotdar
8,Vineeth Sreenivasan
9,S. S. Rajamouli
10,Priyadarshan
11,Venky Atluri
12,Kookie Gulati
13,Kunal Deshmukh
14,Neeraj Pandey
15,Sameer Vidwans
16,Sandeep Reddy Vanga
17,Hanu Raghavapudi
18,Vikas Bahl
19,Laxman Utekar
20,Nag Ashwin
21,Radha Krishna Kumar
22,Jon Favreau
23,Shane Black
24,Joss Whedon
25,Anthony Russo
26,Joe Russo
27,Siddharth Anand
28,Aditya Suhas Jambhale
29,Abhishek Sharma
30,Lokesh Kanagaraj
31,Neeraj Vora
32,Imtiaz Ali
33,Sanjay Leela Bhansali
34,Ayan Mukerji
35,Sam Raimi
36,Marc Webb
37,Jon Watts
38,Vishnuvardhan
39,Kabir Khan
40,Girish A.D.
41,Atlee
42,Vivek Athreya
43,Sukumar
44,Raj & DK
45,Hansal Mehta
46,Jai Mehta
47,Anees Bazmee
48,Haneef Adeni
49,Karthik Gattamneni
50,Rishab Shetty
51,Krishnadev Yagnik
52,Sandeep Patel
