movie_id,genre_id
1,1
1,11
1,20
2,1
2,11
2,20
3,1
3,4
3,5
4,1
4,4
4,5
5,1
5,11
5,5
6,1
6,4
6,11
7,1
7,2
7,6
8,5
8,9
8,16
9,1
9,6
9,15
10,3
10,7
11,3
11,7
12,3
12,7
13,3
13,7
13,9
14,3
14,7
15,5
15,9
16,1
16,2
16,5
16,12
17,1
17,5
17,12
18,3
18,7
19,4
19,5
19,11
20,4
20,5
20,13
21,5
21,9
22,5
22,13
22,14
23,5
23,9
24,1
24,4
24,5
25,5
25,9
25,17
26,3
26,5
26,19
27,1
27,5
27,12
28,1
28,2
28,6
28,10
29,5
29,9
30,1
30,10
30,15
31,1
31,10
31,15
32,1
32,10
32,15
33,1
33,2
33,10
33,15
34,1
34,10
34,15
35,1
35,2
35,10
35,15
36,1
36,2
36,10
36,15
37,1
37,11
37,17
38,11
38,18
38,5
39,1
39,5
39,12
39,17
40,1
40,5
40,12
40,17
41,1
41,4
41,11
42,1
42,4
42,11
43,3
43,4
44,3
44,4
45,3
46,3
46,7
46,8
47,3
47,7
48,3
48,5
48,9
49,5
49,12
50,5
50,9
50,12
51,1
51,6
51,15
52,5
52,9
53,1
53,10
53,15
54,1
54,10
54,15
55,1
55,10
55,15
56,1
56,10
56,15
57,1
57,10
57,15
58,1
58,10
58,15
59,1
59,10
59,15
60,1
60,10
60,15
61,5
61,12
61,13
61,17
63,1
63,5
63,12
63,17
64,5
64,13
64,14
65,1
65,5
65,6
65,12
66,3
66,9
67,1
67,5
67,11
68,1
68,5
68,11
69,5
69,9
69,16
70,3
70,5
70,9
71,1
71,4
71,5
72,1
72,4
72,5
73,4
73,5
73,11
74,5
74,9
75,1
75,4
75,5
75,11
75,20
76,5
76,13
76,11
77,3
77,9
78,3
78,8
78,11
79,3
79,7
79,8
80,1
80,2
80,6
80,15
