movie_id,director_id
1,1
2,1
3,2
4,2
5,2
6,48
7,49
8,4
9,5
10,6
11,6
12,6
13,7
14,7
15,8
16,9
17,9
18,10
19,11
20,12
21,13
22,14
23,15
24,16
25,17
26,18
27,19
28,20
29,21
30,22
31,22
32,23
33,24
34,24
35,25
35,26
36,25
36,26
37,27
38,28
39,29
40,1
41,30
42,30
43,10
44,31
45,10
46,10
47,47
48,32
49,33
50,33
51,34
52,34
53,35
54,35
55,35
56,36
57,36
58,37
59,37
60,37
61,38
62,9
63,39
64,50
65,40
66,41
67,42
68,32
69,32
70,43
71,43
72,44
73,44
74,44
75,45
75,46
76,10
77,10
78,47
79,3
80,51
81,51
82,52
83,
84,
85,
86,
87,
88,
89,
90,
91,
92,
93,
94,
95,
96,
97,
98,
99,
100,
101,
