movie_id,language_id,language_type
1,1,original
2,1,original
3,6,original
3,1,dubbed
3,3,dubbed
3,4,dubbed
3,5,dubbed
4,6,original
4,1,dubbed
4,3,dubbed
4,4,dubbed
4,5,dubbed
5,3,original
5,1,dubbed
5,4,dubbed
5,5,dubbed
5,6,dubbed
6,5,original
6,1,dubbed
6,3,dubbed
6,4,dubbed
6,6,dubbed
7,3,original
7,1,dubbed
7,4,dubbed
7,5,dubbed
7,6,dubbed
8,1,original
9,5,original
9,1,dubbed
9,3,dubbed
9,4,dubbed
9,6,dubbed
10,1,original
11,1,original
12,1,original
13,1,original
14,1,original
15,5,original
16,3,original
16,1,dubbed
16,4,dubbed
16,5,dubbed
17,3,original
17,1,dubbed
17,4,dubbed
17,5,dubbed
18,1,original
19,3,original
19,1,dubbed
19,4,dubbed
19,5,dubbed
19,6,dubbed
20,1,original
21,1,original
22,1,original
22,4,dubbed
22,3,dubbed
23,1,original
24,1,original
25,3,original
25,1,dubbed
25,4,dubbed
25,5,dubbed
26,1,original
27,1,original
27,7,dubbed
27,3,dubbed
27,4,dubbed
28,3,original
28,1,dubbed
28,4,dubbed
28,5,dubbed
28,6,dubbed
29,3,original
29,1,dubbed
29,4,dubbed
29,5,dubbed
29,6,dubbed
30,2,original
30,1,dubbed
30,3,dubbed
30,4,dubbed
31,2,original
31,1,dubbed
31,3,dubbed
31,4,dubbed
32,2,original
32,1,dubbed
32,3,dubbed
32,4,dubbed
33,2,original
33,1,dubbed
33,3,dubbed
33,4,dubbed
34,2,original
34,1,dubbed
34,3,dubbed
34,4,dubbed
35,2,original
35,1,dubbed
35,3,dubbed
35,4,dubbed
36,2,original
36,1,dubbed
36,3,dubbed
36,4,dubbed
37,1,original
37,3,dubbed
37,4,dubbed
38,1,original
39,1,original
40,1,original
41,4,original
41,1,dubbed
41,3,dubbed
41,5,dubbed
41,6,dubbed
42,4,original
42,1,dubbed
42,3,dubbed
42,5,dubbed
42,6,dubbed
43,1,original
44,1,original
45,1,original
46,1,original
47,1,original
48,1,original
49,1,original
50,1,original
51,1,original
51,3,dubbed
51,4,dubbed
51,5,dubbed
51,6,dubbed
52,1,original
53,2,original
53,1,dubbed
53,3,dubbed
53,4,dubbed
54,2,original
54,1,dubbed
54,3,dubbed
54,4,dubbed
55,2,original
55,1,dubbed
55,3,dubbed
55,4,dubbed
56,2,original
56,1,dubbed
56,3,dubbed
56,4,dubbed
57,2,original
57,1,dubbed
57,3,dubbed
57,4,dubbed
58,2,original
58,1,dubbed
58,3,dubbed
58,4,dubbed
59,2,original
59,1,dubbed
59,3,dubbed
59,4,dubbed
60,2,original
60,1,dubbed
60,3,dubbed
60,4,dubbed
61,1,original
62,3,original
62,1,dubbed
62,4,dubbed
62,5,dubbed
62,6,dubbed
63,1,original
64,6,original
64,1,dubbed
64,3,dubbed
64,4,dubbed
64,5,dubbed
65,5,original
65,1,dubbed
65,3,dubbed
65,4,dubbed
66,4,original
66,1,dubbed
66,3,dubbed
67,3,original
67,1,dubbed
67,4,dubbed
67,5,dubbed
67,6,dubbed
68,1,original
69,1,original
70,3,original
70,1,dubbed
70,4,dubbed
70,5,dubbed
70,6,dubbed
71,3,original
71,1,dubbed
71,4,dubbed
71,5,dubbed
71,6,dubbed
72,1,original
73,1,original
74,1,original
75,1,original
76,1,original
77,1,original
78,1,original
79,3,original
79,1,dubbed
79,4,dubbed
79,5,dubbed
79,6,dubbed
80,9,original
80,1,dubbed
81,9,original
82,9,original
83,9,original
83,1,dubbed
84,9,original
85,9,original
86,9,original
87,9,original
88,9,original
89,9,original
90,9,original
91,9,original
92,9,original
92,1,dubbed
93,9,original
94,9,original
95,9,original
96,9,original
96,1,dubbed
97,9,original
97,1,dubbed
98,9,original
98,1,dubbed
99,9,original
100,9,original
101,9,original
101,1,dubbed
